{"100":{"level":"Informational","description":"Continuar - SERVI\u00c7O EXPERIMENTAL","means":"Isso significa que o servidor recebeu os cabe\u00e7alhos da solicita\u00e7\u00e3o, e que o cliente deve proceder para enviar o corpo do pedido (no caso de haver um pedido um corpo deve ser enviado, por exemplo, um POST pedido). Se o corpo \u00e9 grande o pedido, enviando-os para um servidor, quando o pedido j\u00e1 foi rejeitada com base em cabe\u00e7alhos inadequado \u00e9 ineficiente. Para ter um cheque do servidor se o pedido pode ser aceite com base no pedido de cabe\u00e7alhos sozinho, o cliente deve enviar Esperar: 100-continue como um cabe\u00e7alho no seu pedido inicial e verifique se a 100 Continuar c\u00f3digo de status \u00e9 recebido em resposta antes de permanente (ou receber 417 Falha na expectativa e n\u00e3o continuar)"},"101":{"level":"Informational","description":"Mudando protocolos - SERVI\u00c7O EXPERIMENTAL","means":"Isso significa que o solicitante pediu ao servidor para mudar os protocolos e o servidor est\u00e1 reconhecendo que ir\u00e1 faz\u00ea-lo. 102 Processamento (WebDAV) (RFC 2518) Como uma solicita\u00e7\u00e3o WebDAV pode conter muitos sub-pedidos que envolvam opera\u00e7\u00f5es de arquivo, pode demorar muito tempo para concluir o pedido. Este c\u00f3digo indica que o servidor recebeu e est\u00e1 processando o pedido, mas nenhuma resposta ainda n\u00e3o est\u00e1 dispon\u00edvel. Isso impede que o cliente o tempo limite e supondo que o pedido foi perdido."},"122":{"level":"Informational","description":"Pedido-URI muito longo - SERVI\u00c7O EXPERIMENTAL","means":"Este \u00e9 um padr\u00e3o IE7 somente c\u00f3digo n\u00e3o significa que o URI \u00e9 mais do que um m\u00e1ximo de 2083 caracteres. (Ver c\u00f3digo 414)"},"200":{"level":"Received","description":"Sucesso","means":"Padr\u00e3o de resposta para solicita\u00e7\u00f5es HTTP sucesso. A resposta real depender\u00e1 do m\u00e9todo de solicita\u00e7\u00e3o usado. Em uma solicita\u00e7\u00e3o GET, a resposta conter\u00e1 uma entidade que corresponde ao recurso solicitado. Em uma solicita\u00e7\u00e3o POST a resposta conter\u00e1 a descri\u00e7\u00e3o de uma entidade, ou contendo o resultado da a\u00e7\u00e3o."},"201":{"level":"Received","description":"Criado","means":"O pedido foi cumprido e resultou em um novo recurso que est\u00e1 sendo criado."},"202":{"level":"Received","description":"Aceito","means":"O pedido foi aceito para processamento, mas o tratamento n\u00e3o foi conclu\u00eddo. O pedido poder\u00e1 ou n\u00e3o vir a ser posta em pr\u00e1tica, pois pode ser anulado quando o processamento ocorre realmente."},"203":{"level":"Received","description":"N\u00e3o Autorizado","means":"O servidor processou a solicita\u00e7\u00e3o com sucesso, mas est\u00e1 retornando informa\u00e7\u00f5es que podem ser de outra fonte."},"204":{"level":"Received","description":"Nenhum conte\u00fado","means":"O servidor processou a solicita\u00e7\u00e3o com sucesso, mas n\u00e3o \u00e9 necess\u00e1rio nenhuma resposta."},"205":{"level":"Received","description":"Reset","means":"O servidor processou a solicita\u00e7\u00e3o com sucesso, mas n\u00e3o est\u00e1 retornando nenhum conte\u00fado. Ao contr\u00e1rio da 204, esta resposta exige que o solicitante redefinir a exibi\u00e7\u00e3o de documento."},"206":{"level":"Received","description":"Conte\u00fado parcial","means":"O servidor est\u00e1 entregando apenas parte do recurso devido a um cabe\u00e7alho intervalo enviados pelo cliente. O cabe\u00e7alho do intervalo \u00e9 usado por ferramentas como wget para permitir retomada de downloads interrompidos, ou dividir um download em v\u00e1rios fluxos simult\u00e2neos."},"207":{"level":"Received","description":"Status Multi (WebDAV) (RFC 4918)","means":"O corpo da mensagem que se segue \u00e9 um XML da mensagem e pode conter um n\u00famero de c\u00f3digos de resposta individual, dependendo de quantas sub-pedidos foram feitos."},"300":{"level":"Redirect","description":"M\u00faltipla escolha","means":"Indica v\u00e1rias op\u00e7\u00f5es para o recurso que o cliente pode acompanhar. \u00c9, por exemplo, poderia ser usado para apresentar op\u00e7\u00f5es de formato diferente para o v\u00eddeo, arquivos de lista com diferentes extens\u00f5es, ou desambigua\u00e7\u00e3o sentido da palavra."},"301":{"level":"Redirect","description":"Movido","means":"Esta e todas as solicita\u00e7\u00f5es futuras devem ser direcionada para o URI"},"302":{"level":"Redirect","description":"Encontrado","means":"Este \u00e9 um exemplo de boas pr\u00e1ticas industriais contradizendo a norma. especifica\u00e7\u00e3o HTTP\/1.0 (RFC 1945) exigiu o cliente para executar um redirecionamento tempor\u00e1rio (o que descreve frase original era \"Movido Temporariamente\"), mas os browsers populares executadas 302 com a funcionalidade de um 303 Consulte Outros. Por isso, acrescentou HTTP\/1.1 c\u00f3digos de status 303 e 307 a distinguir entre os dois comportamentos. No entanto, a maioria das aplica\u00e7\u00f5es Web e os quadros ainda usam o c\u00f3digo de status 302 como se fosse o 303"},"304":{"level":"Redirect","description":"N\u00e3o modificado","means":"Indica que o recurso n\u00e3o foi modificado desde o \u00faltimo pedido. Normalmente, o cliente fornece um cabe\u00e7alho HTTP como o Se-Modificado-Desde cabe\u00e7alho para proporcionar um tempo contra o qual para comparar. Usando este poupa largura de banda e de reprocessamento no servidor e cliente, uma vez que apenas os dados do cabe\u00e7alho devem ser enviados e recebidos em compara\u00e7\u00e3o com a totalidade da p\u00e1gina que est\u00e1 sendo reprocessados \u200b\u200bpelo servidor, em seguida, enviado novamente utilizando mais largura de banda do servidor e cliente"},"305":{"level":"Redirect","description":"Use Proxy","means":"Muitos clientes HTTP (como o Mozilla e Internet Explorer) podem n\u00e3o tratar corretamente as respostas com este c\u00f3digo de status, principalmente por raz\u00f5es de seguran\u00e7a"},"306":{"level":"Redirect","description":"Proxy Switch","means":"Mudan\u00e7a de proxy. Deixou de ser usado"},"307":{"level":"Redirect","description":"Redirecionamento tempor\u00e1rio","means":"Nesta ocasi\u00e3o, o pedido deve ser repetido com outro URI, mas futuras solicita\u00e7\u00f5es ainda pode usar a URI original. Em contraste com a 303, o m\u00e9todo de pedido n\u00e3o deve ser mudado quando a reedi\u00e7\u00e3o do pedido original. Por exemplo, uma solicita\u00e7\u00e3o POST deve ser repetido com outro pedido POST"},"400":{"level":"Client ERROR","description":"Requisi\u00e7\u00e3o inv\u00e1lida","means":"O pedido n\u00e3o pode ser entregue devido \u00e0 sintaxe incorreta."},"401":{"level":"Client ERROR","description":"N\u00e3o autorizado","means":"Semelhante ao 403 Forbidden, mas especificamente para o uso quando a autentica\u00e7\u00e3o \u00e9 poss\u00edvel, mas n\u00e3o conseguiu ou ainda n\u00e3o foram fornecidos. A resposta deve incluir um cabe\u00e7alho do campo www-authenticat contendo um desafio aplic\u00e1vel ao recurso solicitado. Veja Basic autentica\u00e7\u00e3o de acesso e autentica\u00e7\u00e3o Digest acesso"},"402":{"level":"Client ERROR","description":"Pagamento necess\u00e1rio","means":"Reservado para uso futuro. A inten\u00e7\u00e3o original era que esse c\u00f3digo pudesse ser usado como parte de alguma forma de dinheiro digital ou de micro pagamento regime, mas isso n\u00e3o aconteceu, e esse c\u00f3digo n\u00e3o \u00e9 usado normalmente."},"403":{"level":"Client ERROR","description":"Proibido","means":"O pedido foi um pedido legal, mas o servidor est\u00e1 recusando a responder a ela. Ao contr\u00e1rio de um Unauthorized 401 resposta, autentica\u00e7\u00e3o n\u00e3o far\u00e1 diferen\u00e7a"},"404":{"level":"Client ERROR","description":"N\u00e3o encontrado","means":"O recurso requisitado n\u00e3o foi encontrado, mas pode ser disponibilizado novamente no futuro. As solicita\u00e7\u00f5es subsequentes pelo cliente s\u00e3o permitidas"},"405":{"level":"Client ERROR","description":"M\u00e9todo n\u00e3o permitido","means":"Foi feita uma solicita\u00e7\u00e3o de um recurso usando um m\u00e9todo de pedido n\u00e3o \u00e9 compat\u00edvel com esse recurso, por exemplo, usando GET em um formul\u00e1rio, que exige que os dados a serem apresentados via POST, PUT ou usar em um recurso somente de leitura"},"406":{"level":"Client ERROR","description":"N\u00e3o Aceit\u00e1vel","means":"O recurso solicitado \u00e9 apenas capaz de gerar conte\u00fado n\u00e3o aceit\u00e1veis \u200b\u200bde acordo com os cabe\u00e7alhos Accept enviados na solicita\u00e7\u00e3o"},"407":{"level":"Client ERROR","description":"Autentica\u00e7\u00e3o de proxy necess\u00e1ria","means":"N\u00e3o passou pela autentica\u00e7\u00e3o do proxy"},"408":{"level":"Client ERROR","description":"Tempo de requisi\u00e7\u00e3o esgotou","means":"O servidor sofreu timeout ao aguardar a solicita\u00e7\u00e3o. De acordo com as especifica\u00e7\u00f5es HTTP W3: \"O cliente n\u00e3o apresentou um pedido dentro do tempo que o servidor estava preparado para esperar. O cliente PODE repetir o pedido sem modifica\u00e7\u00f5es a qualquer momento mais tarde"},"409":{"level":"Client ERROR","description":"Conflito","means":"Indica que a solicita\u00e7\u00e3o n\u00e3o p\u00f4de ser processada por causa do conflito no pedido, como um conflito de edi\u00e7\u00e3o"},"410":{"level":"Client ERROR","description":"Indispon\u00edvel","means":"Indica que o recurso solicitado n\u00e3o est\u00e1 mais dispon\u00edvel e n\u00e3o estar\u00e1 dispon\u00edvel novamente. Isto deve ser usado quando um recurso foi intencionalmente removido e os recursos devem ser removidos. Ao receber um c\u00f3digo de estado 410, o cliente n\u00e3o dever\u00e1 solicitar o recurso novamente no futuro. Clientes como motores de busca devem remover o recurso de seus \u00edndices. A maioria dos casos de uso n\u00e3o necessitam de clientes e motores de busca para purgar o recurso, e um \"404 Not Found\" pode ser utilizado"},"411":{"level":"Client ERROR","description":"Comprimento necess\u00e1rio","means":"O pedido n\u00e3o especifica o comprimento do seu conte\u00fado, o que \u00e9 exigido pelo recurso solicitado"},"412":{"level":"Client ERROR","description":"Pr\u00e9-condi\u00e7\u00e3o falhou","means":"O servidor n\u00e3o cumpre uma das condi\u00e7\u00f5es que o solicitante coloca na solicita\u00e7\u00e3o"},"413":{"level":"Client ERROR","description":"Entidade de solicita\u00e7\u00e3o muito grande","means":"A solicita\u00e7\u00e3o \u00e9 maior do que o servidor est\u00e1 disposto ou capaz de processar"},"414":{"level":"Client ERROR","description":"URI muito longo","means":"O URI fornecido foi muito longo para ser processado pelo servidor"},"415":{"level":"Client ERROR","description":"Tipo de m\u00eddia n\u00e3o suportado","means":"A entidade tem um pedido tipo de m\u00eddia que o servidor ou o recurso n\u00e3o tem suporte. Por exemplo, o cliente carrega uma imagem como image \/ svg + xml, mas o servidor requer que imagens usar um formato diferente"},"416":{"level":"Client ERROR","description":"Solicitada de Faixa N\u00e3o Satisfat\u00f3ria","means":"O cliente solicitou uma parte do arquivo, mas o servidor n\u00e3o pode fornecer essa parte. Por exemplo, se o cliente pediu uma parte do arquivo que est\u00e1 para al\u00e9m do final do arquivo"},"417":{"level":"Client ERROR","description":"Falha na expectativa","means":"O servidor n\u00e3o pode cumprir as exig\u00eancias do campo de cabe\u00e7alho Espere-pedido"},"418":{"level":"Client ERROR","description":"Eu sou um bule de ch\u00e1","means":"Este c\u00f3digo foi definido em 1998 como uma das tradicionais brincadeiras de 1\u00ba de abril da IETF, na RFC 2324, Hyper Text Cafeteira Control Protocol, e n\u00e3o \u00e9 esperado para ser implementado por servidores HTTP reais"},"422":{"level":"Client ERROR","description":"Entidade improcess\u00e1vel (WebDAV)","means":"O pedido foi bem formado, mas era incapaz de ser seguido devido a erros de sem\u00e2ntica"},"423":{"level":"Client ERROR","description":"Fechado (WebDAV)","means":"O recurso que est\u00e1 sendo acessado est\u00e1 bloqueado"},"424":{"level":"Client ERROR","description":"Falha de Depend\u00eancia (WebDAV)","means":"A solicita\u00e7\u00e3o falhou devido \u00e0 falha de uma solicita\u00e7\u00e3o anterior (por exemplo, um PROPPATCH)"},"425":{"level":"Client ERROR","description":"Cole\u00e7\u00e3o n\u00e3o ordenada","means":"Definido em projectos de \"WebDAV Avan\u00e7ada Cole\u00e7\u00f5es Protocolo\", mas n\u00e3o est\u00e1 presente no Web Distributed Authoring and Versioning (WebDAV) Ordenados Cole\u00e7\u00f5es protocolo"},"426":{"level":"Client ERROR","description":"Upgrade Obrigat\u00f3rio","means":"O cliente deve mudar para um outro protocolo, como TLS\/1.0 . Resposta n \u00ba 444 Um Nginx extens\u00e3o do servidor HTTP. O servidor retorna nenhuma informa\u00e7\u00e3o para o cliente e fecha a conex\u00e3o (\u00fatil como um impedimento para malware). Com 449 Repetir Uma extens\u00e3o de Microsoft. O pedido deve ser repetida ap\u00f3s a realiza\u00e7\u00e3o da a\u00e7\u00e3o apropriada"},"450":{"level":"Client ERROR","description":"Bloqueados pelo Controle de Pais do Windows","means":"Uma extens\u00e3o de Microsoft. Este erro \u00e9 dado quando Parental Controls do Windows est\u00e3o ativadas e est\u00e1 bloqueando o acesso a determinada p\u00e1gina da web"},"499":{"level":"Client ERROR","description":"Cliente fechou Pedido (utilizado em ERPs\/VPSA)","means":"Um Nginx extens\u00e3o do servidor HTTP. Este c\u00f3digo \u00e9 introduzido para registrar o caso quando a conex\u00e3o \u00e9 fechada pelo cliente ao servidor HTTP \u00e9 o processamento de seu pedido, fazendo com que servidor n\u00e3o consiga enviar o cabe\u00e7alho HTTP de volta"},"500":{"level":"Server ERROR","description":"Erro interno do SERVIDOR","means":"Indica um erro do servidor ao processar a solicita\u00e7\u00e3o. Na grande maioria dos casos est\u00e1 relacionada as permiss\u00f5es dos arquivos ou pastas do software ou script que o usu\u00e1rio tenta acessar e n\u00e3o foram configuradas no momento da programa\u00e7\u00e3o\/constru\u00e7\u00e3o do site ou da aplica\u00e7\u00e3o."},"501":{"level":"Server ERROR","description":"N\u00e3o implementado","means":"O servidor ainda n\u00e3o suporta a funcionalidade ativada"},"502":{"level":"Server ERROR","description":"Bad Gateway","means":"Em regra, o erro quando h\u00e1 uma configura\u00e7\u00e3o imprecisa entre os computadores de back-end, possivelmente incluindo o servidor Web no site visitado. Antes de analisar este problema, \u00e9 necess\u00e1rio limpar o cache do navegador, completamente. Se estiver navegando na Web e observar este problema em todos os websites visitados, ent\u00e3o 1) o seu provedor de servi\u00e7o de Internet tem uma falha\/sobrecarga em um equipamento principal ou 2) tem algo de errado com a sua conex\u00e3o interna \u00e0 Internet, por exemplo, o firewall n\u00e3o est\u00e1 funcionando corretamente. Se for o primeiro caso, somente o seu provedor pode ajudar. Se for o segundo, voc\u00ea precisa corrigir o que quer que esteja prevenindo que voc\u00ea acesse a Internet. Se tiver este problema somente em alguns websites visitados, provavelmente existe um problema nos sites. Por exemplo, uma das pe\u00e7as dos equipamentos est\u00e3o falhando ou est\u00e3o sobrecarregadas. Entre em contato com os respons\u00e1veis destes sites"},"503":{"level":"Server ERROR","description":"Servi\u00e7o indispon\u00edvel","means":"O servidor est\u00e1 em manuten\u00e7\u00e3o ou n\u00e3o consegue dar conta dos processamentos de recursos devido \u00e0 sobrecarga do sistema. Isto deve ser uma condi\u00e7\u00e3o tempor\u00e1ria"},"504":{"level":"Server ERROR","description":"Gateway Timeout","means":"\u00c9 caracterizado por erros particulares do site em quest\u00e3o. Pode ser que o site esteja em manuten\u00e7\u00e3o ou n\u00e3o exista"},"505":{"level":"Server ERROR","description":"Vers\u00e3o de HTTP N\u00e3o suportada","means":"A maioria dos browsers assumem que os servidores de rede suportam vers\u00f5es 1.x do protocolo HTTP. Na pr\u00e1tica, as vers\u00f5es muito antigas como a 0.9 s\u00e3o pouco utilizadas atualmente, n\u00e3o apenas porque eles fornecem pouca seguran\u00e7a e desempenho mais baixo do que as vers\u00f5es mais recentes do protocolo. Ent\u00e3o, se acontecer esse erro no seu navegador de rede, a \u00fanica op\u00e7\u00e3o \u00e9 fazer o upgrade do software do servidor de rede. Se a vers\u00e3o da solicita\u00e7\u00e3o 1.x falhar, pode ser porque o servidor de rede est\u00e1 suportando vers\u00f5es incorretas do protocolo 1.x, em vez de n\u00e3o suport\u00e1-las"}}