<NFe xmlns="http://www.portalfiscal.inf.br/nfe">
    <infNFe Id="NFe35210458716523000119550010000000221922299869" versao="4.00">
        <ide>
            <cUF>35</cUF>
            <cNF>92229986</cNF>
            <natOp>VENDA PRODUTO</natOp>
            <mod>55</mod>
            <serie>1</serie>
            <nNF>22</nNF>
            <dhEmi>2021-04-26T17:20:47-03:00</dhEmi>
            <tpNF>1</tpNF>
            <idDest>1</idDest>
            <cMunFG>3550308</cMunFG>
            <tpImp>1</tpImp>
            <tpEmis>1</tpEmis>
            <cDV>9</cDV>
            <tpAmb>2</tpAmb>
            <finNFe>1</finNFe>
            <indFinal>0</indFinal>
            <indPres>9</indPres>
            <indIntermed>0</indIntermed>
            <procEmi>0</procEmi>
            <verProc>4.13</verProc>
        </ide>
        <emit>
            <CNPJ>52567322000119</CNPJ>
            <xNome>FAKE LTDA</xNome>
            <xFant>FIMATEC</xFant>
            <enderEmit>
                <xLgr>RUA DOS ANONIMOS</xLgr>
                <nro>100</nro>
                <xCpl>SALA 2</xCpl>
                <xBairro>IPIRANGA</xBairro>
                <cMun>3550308</cMun>
                <xMun>SAO PAULO</xMun>
                <UF>SP</UF>
                <CEP>04207132</CEP>
                <cPais>1058</cPais>
                <xPais>Brasil</xPais>
                <fone>1120555555</fone>
            </enderEmit>
            <IE>113421114210</IE>
            <IM>99753940</IM>
            <CNAE>0131380</CNAE>
            <CRT>3</CRT>
        </emit>
        <dest>
            <CNPJ>07677840000131</CNPJ>
            <xNome>NF-E EMITIDA EM AMBIENTE DE HOMOLOGACAO - SEM VALOR FISCAL</xNome>
            <enderDest>
                <xLgr>RUA UM</xLgr>
                <nro>323</nro>
                <xBairro>BRAS</xBairro>
                <cMun>3550308</cMun>
                <xMun>SAO PAULO</xMun>
                <UF>SP</UF>
                <CEP>03040210</CEP>
                <cPais>1058</cPais>
                <xPais>Brasil</xPais>
                <fone>99999999</fone>
            </enderDest>
            <indIEDest>1</indIEDest>
            <IE>11433235443</IE>
            <email>seila@seila.com.br</email>
        </dest>
        <det nItem="1">
            <prod>
                <cProd>1234</cProd>
                <cEAN>SEM GTIN</cEAN>
                <xProd>DALIA</xProd>
                <NCM>60063210</NCM>
                <CFOP>5101</CFOP>
                <uCom>KG</uCom>
                <qCom>1.0000</qCom>
                <vUnCom>15.0000000000</vUnCom>
                <vProd>15.00</vProd>
                <cEANTrib>SEM GTIN</cEANTrib>
                <uTrib>KG</uTrib>
                <qTrib>1.0000</qTrib>
                <vUnTrib>15.0000000000</vUnTrib>
                <indTot>1</indTot>
            </prod>
            <imposto>
                <ICMS>
                    <ICMS20>
                        <orig>0</orig>
                        <CST>20</CST>
                        <modBC>3</modBC>
                        <pRedBC>33.3300</pRedBC>
                        <vBC>10.00</vBC>
                        <pICMS>18.0000</pICMS>
                        <vICMS>1.80</vICMS>
                    </ICMS20>
                </ICMS>
                <IPI>
                    <cEnq>122</cEnq>
                    <IPINT>
                        <CST>55</CST>
                    </IPINT>
                </IPI>
                <PIS>
                    <PISAliq>
                        <CST>01</CST>
                        <vBC>15.00</vBC>
                        <pPIS>1.6500</pPIS>
                        <vPIS>0.25</vPIS>
                    </PISAliq>
                </PIS>
                <COFINS>
                    <COFINSAliq>
                        <CST>01</CST>
                        <vBC>15.00</vBC>
                        <pCOFINS>7.6000</pCOFINS>
                        <vCOFINS>1.14</vCOFINS>
                    </COFINSAliq>
                </COFINS>
            </imposto>
            <infAdProd>LOTE 1234</infAdProd>
        </det>
        <total>
            <ICMSTot>
                <vBC>10.00</vBC>
                <vICMS>1.80</vICMS>
                <vICMSDeson>0.00</vICMSDeson>
                <vFCP>0.00</vFCP>
                <vBCST>0.00</vBCST>
                <vST>0.00</vST>
                <vFCPST>0.00</vFCPST>
                <vFCPSTRet>0.00</vFCPSTRet>
                <vProd>15.00</vProd>
                <vFrete>0.00</vFrete>
                <vSeg>0.00</vSeg>
                <vDesc>0.00</vDesc>
                <vII>0.00</vII>
                <vIPI>0.00</vIPI>
                <vIPIDevol>0.00</vIPIDevol>
                <vPIS>0.25</vPIS>
                <vCOFINS>1.14</vCOFINS>
                <vOutro>0.00</vOutro>
                <vNF>15.00</vNF>
            </ICMSTot>
        </total>
        <transp>
            <modFrete>0</modFrete>
        </transp>
        <pag>
            <detPag>
                <indPag>1</indPag>
                <tPag>01</tPag>
                <vPag>15.00</vPag>
            </detPag>
            <vTroco>0.00</vTroco>
        </pag>
        <infAdic>
            <infAdFisco>SAIDA COM SUSPENSAO DO IPI CONFORME ART 29 DA LEI 10.637 BC RED EM 33,33% CFE ART 52, ANEXO II RICMS/00 E DECRETO 62.560 de 05-05-2017</infAdFisco>
        </infAdic>
        <infRespTec>
            <CNPJ>52567322000119</CNPJ>
            <xContato>Fulano de Tal</xContato>
            <email>fulano@fake.com.br</email>
            <fone>1120555555</fone>
        </infRespTec>
    </infNFe>
</NFe>