[{"nIni":"000","nFim":"019","restricted":"0","region":"GS1 US"},{"nIni":"020","nFim":"029","restricted":"1","region":"Números de circulação restrita dentro da região"},{"nIni":"030","nFim":"039","restricted":"0","region":"GS1 US"},{"nIni":"040","nFim":"049","restricted":"1","region":"GS1 Números de circulação restrita dentro da empresa"},{"nIni":"050","nFim":"059","restricted":"1","region":"Restrita GS1 US reserved for future use"},{"nIni":"060","nFim":"139","restricted":"0","region":"GS1 US"},{"nIni":"200","nFim":"299","restricted":"1","region":"Restrita GS1 Números de circulação restrita dentro da região"},{"nIni":"300","nFim":"379","restricted":"0","region":"GS1 France"},{"nIni":"380","nFim":"380","restricted":"0","region":"GS1 Bulgaria"},{"nIni":"383","nFim":"383","restricted":"0","region":"GS1 Slovenija"},{"nIni":"385","nFim":"385","restricted":"0","region":"GS1 Croatia"},{"nIni":"387","nFim":"387","restricted":"0","region":"GS1 BIH (Bosnia-Herzegovina)"},{"nIni":"389","nFim":"389","restricted":"0","region":"GS1 Montenegro"},{"nIni":"400","nFim":"440","restricted":"0","region":"GS1 Germany"},{"nIni":"450","nFim":"459","restricted":"0","region":"GS1 Japan"},{"nIni":"490","nFim":"499","restricted":"0","region":"GS1 Japan"},{"nIni":"460","nFim":"469","restricted":"0","region":"GS1 Russia"},{"nIni":"470","nFim":"470","restricted":"0","region":"GS1 Kyrgyzstan"},{"nIni":"471","nFim":"471","restricted":"0","region":"GS1 Taiwan"},{"nIni":"474","nFim":"474","restricted":"0","region":"GS1 Estonia"},{"nIni":"475","nFim":"475","restricted":"0","region":"GS1 Latvia"},{"nIni":"476","nFim":"476","restricted":"0","region":"GS1 Azerbaijan"},{"nIni":"477","nFim":"477","restricted":"0","region":"GS1 Lithuania"},{"nIni":"478","nFim":"478","restricted":"0","region":"GS1 Uzbekistan"},{"nIni":"479","nFim":"479","restricted":"0","region":"GS1 Sri Lanka"},{"nIni":"480","nFim":"480","restricted":"0","region":"GS1 Philippines"},{"nIni":"481","nFim":"481","restricted":"0","region":"GS1 Belarus"},{"nIni":"482","nFim":"482","restricted":"0","region":"GS1 Ukraine"},{"nIni":"483","nFim":"483","restricted":"0","region":"GS1 Turkmenistan"},{"nIni":"484","nFim":"484","restricted":"0","region":"GS1 Moldova"},{"nIni":"485","nFim":"485","restricted":"0","region":"GS1 Armenia"},{"nIni":"486","nFim":"486","restricted":"0","region":"GS1 Georgia"},{"nIni":"487","nFim":"487","restricted":"0","region":"GS1 Kazakstan"},{"nIni":"488","nFim":"488","restricted":"0","region":"GS1 Tajikistan"},{"nIni":"489","nFim":"489","restricted":"0","region":"GS1 Hong Kong"},{"nIni":"500","nFim":"509","restricted":"0","region":"GS1 UK"},{"nIni":"520","nFim":"521","restricted":"0","region":"GS1 Association Greece"},{"nIni":"528","nFim":"528","restricted":"0","region":"GS1 Lebanon"},{"nIni":"529","nFim":"529","restricted":"0","region":"GS1 Cyprus"},{"nIni":"530","nFim":"530","restricted":"0","region":"GS1 Albania"},{"nIni":"531","nFim":"531","restricted":"0","region":"GS1 Macedonia"},{"nIni":"535","nFim":"535","restricted":"0","region":"GS1 Malta"},{"nIni":"539","nFim":"539","restricted":"0","region":"GS1 Ireland"},{"nIni":"540","nFim":"549","restricted":"0","region":"GS1 Belgium & Luxembourg"},{"nIni":"560","nFim":"560","restricted":"0","region":"GS1 Portugal"},{"nIni":"569","nFim":"569","restricted":"0","region":"GS1 Iceland"},{"nIni":"570","nFim":"579","restricted":"0","region":"GS1 Denmark"},{"nIni":"590","nFim":"590","restricted":"0","region":"GS1 Poland"},{"nIni":"594","nFim":"594","restricted":"0","region":"GS1 Romania"},{"nIni":"599","nFim":"599","restricted":"0","region":"GS1 Hungary"},{"nIni":"600","nFim":"601","restricted":"0","region":"GS1 South Africa"},{"nIni":"603","nFim":"603","restricted":"0","region":"GS1 Ghana"},{"nIni":"604","nFim":"604","restricted":"0","region":"GS1 Senegal"},{"nIni":"605","nFim":"607","restricted":"0","region":"Managed by GS1 Global Office for future MO"},{"nIni":"608","nFim":"608","restricted":"0","region":"GS1 Bahrain"},{"nIni":"609","nFim":"609","restricted":"0","region":"GS1 Mauritius"},{"nIni":"610","nFim":"610","restricted":"0","region":"Managed by GS1 Global Office for future MO"},{"nIni":"611","nFim":"611","restricted":"0","region":"GS1 Morocco"},{"nIni":"613","nFim":"613","restricted":"0","region":"GS1 Algeria"},{"nIni":"614","nFim":"614","restricted":"0","region":"Managed by GS1 Global Office for future MO"},{"nIni":"615","nFim":"615","restricted":"0","region":"GS1 Nigeria"},{"nIni":"616","nFim":"616","restricted":"0","region":"GS1 Kenya"},{"nIni":"618","nFim":"618","restricted":"0","region":"GS1 Ivory Coast"},{"nIni":"619","nFim":"619","restricted":"0","region":"GS1 Tunisia"},{"nIni":"620","nFim":"620","restricted":"0","region":"GS1 Tanzania"},{"nIni":"621","nFim":"621","restricted":"0","region":"GS1 Syria"},{"nIni":"622","nFim":"622","restricted":"0","region":"GS1 Egypt"},{"nIni":"623","nFim":"623","restricted":"0","region":"GS1 Brunei"},{"nIni":"624","nFim":"624","restricted":"0","region":"GS1 Libya"},{"nIni":"625","nFim":"625","restricted":"0","region":"GS1 Jordan"},{"nIni":"626","nFim":"626","restricted":"0","region":"GS1 Iran"},{"nIni":"627","nFim":"627","restricted":"0","region":"GS1 Kuwait"},{"nIni":"628","nFim":"628","restricted":"0","region":"GS1 Saudi Arabia"},{"nIni":"629","nFim":"629","restricted":"0","region":"GS1 Emirates"},{"nIni":"640","nFim":"649","restricted":"0","region":"GS1 Finland"},{"nIni":"690","nFim":"699","restricted":"0","region":"GS1 China"},{"nIni":"700","nFim":"709","restricted":"0","region":"GS1 Norway"},{"nIni":"729","nFim":"729","restricted":"0","region":"GS1 Israel"},{"nIni":"730","nFim":"739","restricted":"0","region":"GS1 Sweden"},{"nIni":"740","nFim":"740","restricted":"0","region":"GS1 Guatemala"},{"nIni":"741","nFim":"741","restricted":"0","region":"GS1 El Salvador"},{"nIni":"742","nFim":"742","restricted":"0","region":"GS1 Honduras"},{"nIni":"743","nFim":"743","restricted":"0","region":"GS1 Nicaragua"},{"nIni":"744","nFim":"744","restricted":"0","region":"GS1 Costa Rica"},{"nIni":"745","nFim":"745","restricted":"0","region":"GS1 Panama"},{"nIni":"746","nFim":"746","restricted":"0","region":"GS1 Republica Dominicana"},{"nIni":"750","nFim":"750","restricted":"0","region":"GS1 Mexico"},{"nIni":"754","nFim":"755","restricted":"0","region":"GS1 Canada"},{"nIni":"758","nFim":"758","restricted":"0","region":"Managed by GS1 Global Office for future MO"},{"nIni":"759","nFim":"759","restricted":"0","region":"GS1 Venezuela"},{"nIni":"760","nFim":"769","restricted":"0","region":"GS1 Schweiz, Suisse, Svizzera"},{"nIni":"770","nFim":"771","restricted":"0","region":"GS1 Colombia"},{"nIni":"773","nFim":"773","restricted":"0","region":"GS1 Uruguay"},{"nIni":"775","nFim":"775","restricted":"0","region":"GS1 Peru"},{"nIni":"777","nFim":"777","restricted":"0","region":"GS1 Bolivia"},{"nIni":"778","nFim":"779","restricted":"0","region":"GS1 Argentina"},{"nIni":"780","nFim":"780","restricted":"0","region":"GS1 Chile"},{"nIni":"784","nFim":"784","restricted":"0","region":"GS1 Paraguay"},{"nIni":"786","nFim":"786","restricted":"0","region":"GS1 Ecuador"},{"nIni":"789","nFim":"790","restricted":"0","region":"GS1 Brasil"},{"nIni":"800","nFim":"839","restricted":"0","region":"GS1 Italy"},{"nIni":"840","nFim":"849","restricted":"0","region":"GS1 Spain"},{"nIni":"850","nFim":"850","restricted":"0","region":"GS1 Cuba"},{"nIni":"858","nFim":"858","restricted":"0","region":"GS1 Slovakia"},{"nIni":"859","nFim":"859","restricted":"0","region":"GS1 Czech"},{"nIni":"860","nFim":"860","restricted":"0","region":"GS1 Serbia"},{"nIni":"865","nFim":"865","restricted":"0","region":"GS1 Mongolia"},{"nIni":"867","nFim":"867","restricted":"0","region":"GS1 North Korea"},{"nIni":"868","nFim":"869","restricted":"0","region":"GS1 Turkey"},{"nIni":"870","nFim":"879","restricted":"0","region":"GS1 Netherlands"},{"nIni":"880","nFim":"880","restricted":"0","region":"GS1 South Korea"},{"nIni":"884","nFim":"884","restricted":"0","region":"GS1 Cambodia"},{"nIni":"885","nFim":"885","restricted":"0","region":"GS1 Thailand"},{"nIni":"888","nFim":"888","restricted":"0","region":"GS1 Singapore"},{"nIni":"890","nFim":"890","restricted":"0","region":"GS1 India"},{"nIni":"893","nFim":"893","restricted":"0","region":"GS1 Vietnam"},{"nIni":"894","nFim":"894","restricted":"0","region":"Managed by GS1 Global Office for future MO"},{"nIni":"896","nFim":"896","restricted":"0","region":"GS1 Pakistan"},{"nIni":"899","nFim":"899","restricted":"0","region":"GS1 Indonesia"},{"nIni":"900","nFim":"919","restricted":"0","region":"GS1 Austria"},{"nIni":"930","nFim":"939","restricted":"0","region":"GS1 Australia"},{"nIni":"940","nFim":"949","restricted":"0","region":"GS1 New Zealand"},{"nIni":"950","nFim":"950","restricted":"1","region":"Restrita GS1 Global Office"},{"nIni":"951","nFim":"951","restricted":"1","region":"Restrita Numeração para EPC Tag Data Standard"},{"nIni":"952","nFim":"952","restricted":"0","region":"Used for demonstrations and examples of the GS1 system"},{"nIni":"955","nFim":"955","restricted":"0","region":"GS1 Malaysia"},{"nIni":"958","nFim":"958","restricted":"0","region":"GS1 Macau"},{"nIni":"960","nFim":"961","restricted":"0","region":"GS1 UK (GTIN-8s)"},{"nIni":"962","nFim":"969","restricted":"1","region":"Restrita Global Office (GTIN-8s)"},{"nIni":"977","nFim":"977","restricted":"1","region":"Restrita Serial publications (ISSN)"},{"nIni":"978","nFim":"979","restricted":"0","region":"Restrita Bookland (ISBN)"},{"nIni":"980","nFim":"980","restricted":"1","region":"Restrita Refund receipts"},{"nIni":"981","nFim":"984","restricted":"1","region":"Restrita GS1 Coupon identification for common currency areas"},{"nIni":"990","nFim":"999","restricted":"1","region":"Restrita GS1 Coupon identification"}]
