{
    "65": {
        "AC": "SVRS",
        "AL": "SVRS",
        "AM": "AM",
        "AP": "SVRS",
        "BA": "SVRS",
        "CE": "CE",
        "DF": "SVRS",
        "ES": "SVRS",
        "GO": "GO",
        "MA": "SVRS",
        "MG": "MG",
        "MS": "MS",
        "MT": "MT",
        "PA": "SVRS",
        "PB": "SVRS",
        "PE": "SVRS",
        "PI": "SVRS",
        "PR": "PR",
        "RJ": "SVRS",
        "RN": "SVRS",
        "RO": "SVRS",
        "RR": "SVRS",
        "RS": "RS",
        "SC": "SVRS",
        "SE": "SVRS",
        "SP": "SP",
        "TO": "SVRS",
        "SVRS": "SVRS"
    },
    "55": {
        "AC": "SVRS",
        "AL": "SVRS",
        "AM": "AM",
        "AN": "AN",
        "AP": "SVRS",
        "BA": "BA",
        "CE": "SVRS",
        "DF": "SVRS",
        "ES": "SVRS",
        "GO": "GO",
        "MA": "SVAN",
        "MG": "MG",
        "MS": "MS",
        "MT": "MT",
        "PA": "SVRS",
        "PB": "SVRS",
        "PE": "PE",
        "PI": "SVRS",
        "PR": "PR",
        "RJ": "SVRS",
        "RN": "SVRS",
        "RO": "SVRS",
        "RR": "SVRS",
        "RS": "RS",
        "SC": "SVRS",
        "SE": "SVRS",
        "SP": "SP",
        "TO": "SVRS",
        "SVAN": "SVAN",
        "SVRS": "SVRS",
        "SVCAN": "SVCAN",
        "SVCRS": "SVCRS"
    }
}