<?xml version="1.0"?>
<ruleset name="sped-gtin PHPMD ruleset"
         xmlns="http://pmd.sf.net/ruleset/1.0.0"
         xmlns:xsi="http://www.w3.org/2001/XMLSchema-instance"
         xsi:schemaLocation="http://pmd.sf.net/ruleset/1.0.0
                     http://pmd.sf.net/ruleset_xml_schema.xsd"
         xsi:noNamespaceSchemaLocation="
                     http://pmd.sf.net/ruleset_xml_schema.xsd">
    <description>
        My custom rule set that checks my code...
    </description>
    <rule ref="rulesets/unusedcode.xml" />
    <rule ref="rulesets/codesize.xml/CyclomaticComplexity">
        <priority>1</priority>
        <properties>
            <property name="reportLevel" value="10" />
        </properties>
    </rule>
</ruleset>